{"cameraMode":{"drawMode":0,"name":"Shaded","section":"Shading Mode"},"sceneLighting":false,"audioPlay":false,"sceneViewState":{"m_AlwaysRefresh":false,"showFog":true,"showSkybox":false,"showFlares":true,"showImageEffects":true,"showParticleSystems":true,"showVisualEffectGraphs":true,"m_FxEnabled":true},"in2DMode":false,"pivot":{"x":-26.932130813598634,"y":0.36603081226348879,"z":-17.688180923461915},"rotation":{"x":0.10730171203613281,"y":0.8597669005393982,"z":-0.2025526911020279,"w":0.4560408592224121},"size":1.303279161453247,"orthographic":false}