{"cameraMode":{"drawMode":0,"name":"Shaded","section":"Shading Mode"},"sceneLighting":false,"audioPlay":false,"sceneViewState":{"m_AlwaysRefresh":false,"showFog":true,"showSkybox":false,"showFlares":true,"showImageEffects":true,"showParticleSystems":true,"showVisualEffectGraphs":true,"m_FxEnabled":true},"in2DMode":false,"pivot":{"x":-29.55315399169922,"y":0.5690300464630127,"z":-11.597418785095215},"rotation":{"x":0.09539981186389923,"y":-0.04943304508924484,"z":0.005728866904973984,"w":0.9942064881324768},"size":32.25790023803711,"orthographic":false}