{"cameraMode":{"drawMode":0,"name":"Shaded","section":"Shading Mode"},"sceneLighting":false,"audioPlay":false,"sceneViewState":{"m_AlwaysRefresh":false,"showFog":true,"showSkybox":false,"showFlares":true,"showImageEffects":true,"showParticleSystems":true,"showVisualEffectGraphs":true,"m_FxEnabled":true},"in2DMode":false,"pivot":{"x":0.007636458612978458,"y":0.22568379342556,"z":0.1576690524816513},"rotation":{"x":0.0803883746266365,"y":0.8876161575317383,"z":-0.16790734231472016,"w":0.42184489965438845},"size":1.3760498762130738,"orthographic":false}